dateTime,bpm,spo2_value,level
6/26/2024 1:58,109,95.6,restless
6/26/2024 1:59,101,95.9,light
6/26/2024 2:00,104,96.9,light
6/26/2024 2:01,103,96.2,light
6/26/2024 2:02,103,96.3,light
6/26/2024 2:03,103,96.3,light
6/26/2024 5:03,57,98.1,light
6/26/2024 5:04,60,95.5,light
6/26/2024 5:05,53,95.4,light
6/26/2024 5:06,54,96.1,light
6/26/2024 5:07,72,96.3,light
6/27/2024 0:07,56,95.8,restless
6/27/2024 0:08,54,95.4,wake
6/27/2024 0:09,56,95.6,restless
6/27/2024 0:10,59,89.3,wake
6/27/2024 0:11,57,95.9,wake
6/27/2024 0:12,57,95.9,light
6/27/2024 0:13,55,95.9,light
6/27/2024 0:14,56,93.7,light
6/27/2024 0:15,50,92.1,light
6/27/2024 0:16,53,95.6,restless
6/27/2024 0:17,50,95.4,light
6/27/2024 0:18,50,95.3,light
6/27/2024 0:19,52,95.2,light
6/27/2024 0:20,52,95.2,light
6/27/2024 0:21,59,95.2,light
6/27/2024 0:22,57,95.4,light
6/27/2024 0:23,56,95.6,restless
6/27/2024 0:24,56,99,light
6/27/2024 0:25,61,96.9,light
6/27/2024 0:26,66,98,light
6/27/2024 0:27,66,97.2,light
6/27/2024 0:28,61,96.4,light
6/27/2024 0:29,59,98.6,light
6/27/2024 0:30,66,99.9,light
6/27/2024 0:31,64,96.9,light
6/27/2024 0:32,62,99.2,light
6/27/2024 0:33,68,95.3,light
6/27/2024 0:34,81,96.3,light
6/27/2024 1:55,101,98.1,light
6/27/2024 1:56,101,97.5,light
6/27/2024 1:57,99,95.4,light
6/27/2024 1:58,103,96.1,light
6/27/2024 1:59,104,96.3,light
6/27/2024 2:00,104,85.8,light
6/28/2024 0:58,72,97.4,light
6/28/2024 0:59,73,97.6,light
6/28/2024 1:00,65,90.3,light
6/28/2024 1:01,77,89.7,light
6/28/2024 1:02,68,88.8,light
6/28/2024 1:03,68,88.9,light
6/28/2024 1:04,73,87.8,light
6/28/2024 1:05,66,87.3,light
6/28/2024 1:06,66,86.5,wake
6/28/2024 1:07,70,85.4,wake
6/28/2024 1:08,70,86.8,wake
6/28/2024 1:09,73,88.3,wake
6/28/2024 1:10,75,87.7,wake
6/28/2024 1:11,71,87.1,wake
6/28/2024 1:12,66,88.1,wake
6/28/2024 1:13,72,87.8,wake
6/28/2024 1:15,65,88.1,light
6/28/2024 1:16,64,87.6,light
6/28/2024 1:17,68,87.9,light
6/28/2024 1:18,67,88.1,light
6/28/2024 1:19,74,87.3,light
6/28/2024 1:20,64,86.5,light
6/28/2024 1:21,62,86.7,restless
6/28/2024 1:22,75,86.2,light
6/28/2024 1:23,72,86.5,light
6/28/2024 1:24,68,85.5,light
6/28/2024 1:25,62,85.8,light
6/28/2024 1:26,67,84.9,light
6/28/2024 1:27,69,86.4,restless
6/28/2024 1:28,72,85.3,light
6/28/2024 1:29,62,86.5,light
6/28/2024 1:30,67,86.4,restless
6/28/2024 1:31,68,86.6,rem
6/28/2024 1:32,69,86.7,restless
6/28/2024 1:33,67,86.8,rem
6/28/2024 1:34,62,84.1,light
6/28/2024 1:49,98,92,light
6/28/2024 1:50,97,95,light
6/28/2024 1:51,96,89,light
6/28/2024 1:52,96,97,light
6/28/2024 1:53,99,93,light
6/28/2024 1:54,97,90,light
6/29/2024 3:20,98,96,light
6/29/2024 3:21,100,91,light
6/29/2024 3:22,95,98,light
6/29/2024 3:23,101,94,light
6/29/2024 3:24,103,89,light
6/30/2024 1:44,81,99,light
6/30/2024 1:45,91,92,light
6/30/2024 1:46,76,95,deep
6/30/2024 1:47,75,90,deep
6/30/2024 1:48,74,93,deep
6/30/2024 1:49,78,97,deep
6/30/2024 5:56,62,94,rem
6/30/2024 5:57,61,91,rem
6/30/2024 5:58,62,96,rem
6/30/2024 5:59,62,90.4,rem
6/30/2024 6:00,65,91.5,rem
6/30/2024 6:01,62,94.5,rem
6/30/2024 6:02,64,89.5,rem
6/30/2024 6:03,65,81.7,restless
6/30/2024 6:04,70,90.6,rem
7/1/2024 3:12,60,90.2,wake
7/1/2024 3:13,63,89.7,wake
7/1/2024 3:14,62,98.2,wake
7/1/2024 3:15,63,89.5,wake
7/1/2024 3:16,73,88.3,light
7/1/2024 3:17,67,97.3,light
7/1/2024 3:18,66,96,light
7/1/2024 3:19,63,89,light
7/1/2024 3:20,73,97,light
7/1/2024 3:21,66,87.7,light
7/1/2024 3:22,67,90.6,light
7/1/2024 3:23,67,92.5,light
7/1/2024 3:24,67,94.1,light
7/1/2024 3:25,67,92.5,light
7/1/2024 3:26,66,94.6,light
7/1/2024 3:27,67,99,light
7/1/2024 3:28,74,94.8,light
7/1/2024 3:29,72,92.4,light
7/1/2024 3:30,72,95.8,restless
7/1/2024 3:31,76,89.3,light
7/1/2024 3:32,75,97.6,light
7/1/2024 3:33,83,93.1,light
7/1/2024 4:28,85,90.5,light
7/1/2024 4:29,82,96.2,deep
7/1/2024 4:30,86,91.7,deep
7/1/2024 4:31,83,98.4,deep
7/1/2024 4:32,93,94,deep
7/1/2024 4:33,91,89.9,deep
7/1/2024 23:58,56,99.7,light
7/1/2024 23:59,54,92.8,light
7/2/2024 0:00,54,90.2,light
7/2/2024 0:00,54,95.3,light
7/2/2024 0:01,54,93.6,light
7/2/2024 0:02,56,97.1,light
7/2/2024 0:03,48,94.5,light
7/2/2024 0:04,48,91.4,light
7/2/2024 0:05,50,96.9,light
7/2/2024 0:06,52,94.8,light
7/2/2024 0:07,51,95.9,light
7/2/2024 0:08,57,96.8,light
7/2/2024 0:09,53,97.5,light
7/2/2024 0:10,54,97.5,light
7/2/2024 0:11,54,97.8,light
7/2/2024 0:12,55,97.9,light
7/2/2024 0:13,50,97.9,light
7/2/2024 0:14,51,97.9,light
7/2/2024 0:15,52,98,light
7/2/2024 0:16,49,98.1,light
7/2/2024 0:17,50,98,light
7/2/2024 0:18,51,98.2,light
7/2/2024 0:19,50,98.2,light
7/2/2024 0:20,49,98.2,light
7/2/2024 0:21,50,98.2,light
7/2/2024 0:22,51,93.8,light
7/2/2024 0:23,52,98.3,light
7/2/2024 0:24,50,98.3,light
7/2/2024 0:25,54,98.3,light
7/2/2024 0:26,52,98.2,light
7/2/2024 0:27,52,98.2,light
7/2/2024 0:28,53,97.9,light
7/2/2024 0:29,50,98,light
7/2/2024 0:30,50,97.8,light
7/2/2024 0:31,50,97.8,light
7/2/2024 0:32,52,97.7,light
7/2/2024 0:33,51,97.7,light
7/2/2024 0:34,50,97.6,light
7/2/2024 0:35,50,97.6,light
7/2/2024 0:36,54,97.7,light
7/2/2024 0:37,50,97.8,wake
7/2/2024 0:38,53,97.8,wake
7/2/2024 0:39,54,97.7,wake
7/2/2024 0:40,53,97.7,wake
7/2/2024 0:41,51,97.6,light
7/2/2024 0:42,52,97.5,light
7/2/2024 0:44,51,97.5,wake
7/2/2024 0:45,51,97.6,wake
7/2/2024 0:46,54,97.5,wake
7/2/2024 0:47,53,97.4,wake
7/2/2024 0:48,50,97.3,wake
7/2/2024 0:49,53,97.5,light
7/2/2024 0:50,53,97.5,light
7/2/2024 0:51,53,97.5,light
7/2/2024 0:52,51,97.6,light
7/2/2024 0:53,51,97.7,light
7/2/2024 0:54,52,97.6,light
7/2/2024 0:55,51,97.5,light
7/2/2024 0:56,53,97.5,light
7/2/2024 0:57,50,97.4,light
7/2/2024 0:58,54,97.4,light
7/2/2024 0:59,51,97.5,light
7/2/2024 1:00,53,97.6,light
7/2/2024 1:01,52,97.5,light
7/2/2024 1:02,53,97.5,light
7/2/2024 1:03,53,97.5,light
7/2/2024 1:04,54,97.6,light
7/2/2024 1:05,52,97.7,light
7/2/2024 1:06,50,97.7,light
7/2/2024 1:07,51,97.6,light
7/2/2024 1:08,52,97.5,light
7/2/2024 1:09,50,97.4,light
7/2/2024 1:10,55,88,light
7/2/2024 1:11,51,97.8,light
7/2/2024 1:12,67,98.4,light
7/2/2024 1:13,57,96.5,light
7/2/2024 1:14,57,95.8,restless
7/2/2024 1:15,58,99,light
7/2/2024 1:16,62,95.9,light
7/2/2024 1:17,54,99.6,light
7/2/2024 1:18,56,99.7,light
7/2/2024 1:19,53,96.2,light
7/2/2024 1:20,60,97.2,light
7/2/2024 1:21,59,97.5,light
7/2/2024 1:22,55,97.9,light
7/2/2024 1:23,52,98,light
7/2/2024 1:24,60,97,light
7/2/2024 1:25,55,97.7,light
7/2/2024 1:26,61,97.3,light
7/2/2024 1:27,52,96,light
7/2/2024 1:28,56,97.3,light
7/2/2024 1:29,55,95,deep
7/2/2024 1:30,61,99,deep
7/2/2024 1:31,52,94,deep
7/2/2024 1:32,53,93.9,deep
7/2/2024 1:33,52,87,deep
7/2/2024 1:34,54,94.1,deep
7/2/2024 1:35,59,91.5,deep
7/2/2024 1:36,55,94.3,deep
7/2/2024 1:37,59,89.7,deep
7/2/2024 3:01,70,98.1,light
7/2/2024 3:02,66,92.9,light
7/2/2024 3:03,71,90.8,restless
7/2/2024 3:04,66,95.6,restless
7/2/2024 3:05,72,93.4,light
7/2/2024 3:06,71,97.5,light
7/2/2024 3:07,70,89.2,light
7/2/2024 3:08,73,99.4,light
7/2/2024 3:09,72,91.8,light
7/2/2024 3:10,72,96.3,light
7/2/2024 3:11,69,94.7,light
7/2/2024 3:12,70,90.1,light
7/2/2024 3:13,71,93.9,light
7/2/2024 3:14,73,97.8,light
7/2/2024 3:15,71,92.2,light
7/2/2024 3:16,79,95,restless
7/2/2024 3:17,71,89.5,light
7/2/2024 3:18,72,98.7,restless
7/3/2024 0:55,76,91.3,light
7/3/2024 0:56,75,94.1,light
7/3/2024 0:57,80,90.6,restless
7/3/2024 0:58,85,96.7,restless
7/3/2024 0:59,84,93.2,light
7/3/2024 1:00,89,97,light
7/4/2024 0:12,51,89.8,restless
7/4/2024 0:13,59,99.2,light
7/4/2024 0:14,54,92.5,light
7/4/2024 0:15,54,95.8,restless
7/4/2024 0:16,55,96,light
7/4/2024 0:17,52,96.4,light
7/4/2024 0:18,53,96.6,light
7/4/2024 0:19,51,96.7,restless
7/4/2024 0:20,52,96.8,light
7/4/2024 0:21,51,96.6,light
7/4/2024 0:22,51,96.8,restless
7/4/2024 0:23,54,96.9,light
7/4/2024 0:24,49,96.9,light
7/4/2024 0:25,51,96.9,wake
7/4/2024 0:26,50,97,wake
7/4/2024 0:27,47,89.9,wake
7/4/2024 0:28,63,97.3,wake
7/4/2024 0:29,51,97.3,wake
7/4/2024 0:30,51,97.3,restless
7/4/2024 0:31,52,98.8,light
7/4/2024 0:32,52,97.3,light
7/4/2024 0:33,51,93.8,light
7/4/2024 0:34,52,88.8,restless
7/4/2024 0:35,52,86.4,restless
7/4/2024 0:36,53,85,restless
7/4/2024 0:37,50,83.5,light
7/4/2024 0:38,51,94.1,restless
7/4/2024 0:39,57,82.7,light
7/4/2024 0:40,53,94.6,light
7/4/2024 0:41,51,83.6,light
7/4/2024 0:42,51,85.2,light
7/4/2024 0:43,51,85.5,restless
7/4/2024 0:44,51,85.3,light
7/4/2024 0:45,50,86.1,light
7/4/2024 0:46,54,85.8,light
7/4/2024 0:47,53,85.8,light
7/4/2024 0:48,51,86.1,light
7/4/2024 0:49,51,86.5,light
7/4/2024 0:50,51,85.8,light
7/4/2024 0:51,51,85.1,light
7/4/2024 0:52,50,85.8,light
7/4/2024 0:53,51,86.2,light
7/4/2024 0:54,52,86.3,light
7/4/2024 0:55,52,87.1,light
7/4/2024 0:56,52,86.9,light
7/4/2024 0:57,53,85.7,light
7/4/2024 0:58,51,85.6,light
7/4/2024 0:59,51,86.1,light
7/4/2024 1:00,52,85.9,restless
7/4/2024 1:01,54,86,restless
7/4/2024 1:02,50,87.1,light
7/4/2024 1:03,52,87,light
7/4/2024 1:04,51,87.6,restless
7/4/2024 1:05,51,88.4,light
7/4/2024 1:06,52,88,light
7/4/2024 1:07,54,86.5,restless
7/4/2024 1:08,52,99.1,light
7/4/2024 1:09,54,89.3,light
7/4/2024 1:10,55,96.4,deep
7/4/2024 1:11,52,96,deep
7/4/2024 1:12,51,88.8,deep
7/4/2024 1:13,50,91.5,deep
7/4/2024 1:14,50,93.4,deep
7/4/2024 1:15,50,94.5,deep
7/4/2024 1:16,50,95.2,deep
7/4/2024 1:17,49,95.8,restless
7/4/2024 1:18,51,95.8,restless
7/4/2024 1:19,50,96.1,restless
7/4/2024 1:20,49,96.3,deep
7/4/2024 1:21,50,96.3,restless
7/4/2024 1:22,54,96.2,deep
7/4/2024 1:23,55,96.3,deep
7/4/2024 1:24,51,96.3,restless
7/4/2024 1:25,57,96.7,deep
7/4/2024 1:26,51,96.9,deep
7/4/2024 1:27,51,96.9,deep
7/4/2024 1:28,52,97,deep
7/4/2024 1:29,53,96.9,light
7/4/2024 1:30,55,98,light
7/4/2024 1:31,60,89,light
7/4/2024 1:32,67,94,restless
7/4/2024 1:33,55,96.7,light
7/4/2024 1:34,59,90,light
7/4/2024 1:35,58,92,light
7/4/2024 1:36,56,91.5,restless
7/4/2024 1:37,61,94.3,light
7/4/2024 1:38,61,91.2,restless
7/4/2024 1:39,59,94.3,light
7/4/2024 1:40,60,99.3,restless
7/4/2024 1:41,57,90.5,light
7/4/2024 1:42,60,98.4,restless
7/4/2024 1:43,65,94,light
7/4/2024 1:44,58,90.7,restless
7/4/2024 1:45,61,91.4,light
7/4/2024 1:46,60,90,light
7/4/2024 1:47,55,97,light
7/4/2024 1:48,61,91.3,light
7/4/2024 1:49,54,91.3,light
7/4/2024 1:50,58,92.9,light
7/4/2024 1:51,57,90.7,restless
7/4/2024 1:52,55,93.5,light
7/4/2024 1:53,62,92.3,light
7/4/2024 1:54,52,89.8,light
7/4/2024 1:55,61,88.9,light
7/4/2024 1:56,60,91.2,light
7/4/2024 1:57,62,95.6,restless
7/4/2024 1:58,61,90.9,light
7/4/2024 1:59,62,92.7,light
7/4/2024 2:00,64,94.3,light
7/4/2024 2:01,60,92.8,light
7/4/2024 2:02,55,97.6,light
7/4/2024 2:04,56,89.3,rem
7/4/2024 2:05,58,98,rem
7/4/2024 2:06,58,89.3,rem
7/4/2024 2:07,66,90.4,rem
7/4/2024 2:59,82,97.3,restless
7/4/2024 3:00,77,93.8,restless
7/4/2024 3:01,80,88.9,light
7/4/2024 3:02,82,95.5,restless
7/4/2024 3:03,91,92.1,light
7/4/2024 3:04,97,98.6,light
7/5/2024 2:00,83,89.6,restless
7/5/2024 2:01,89,96.4,light
7/5/2024 2:02,75,94.2,light
7/5/2024 2:03,83,93.8,restless
7/5/2024 2:04,81,88.9,light
7/5/2024 2:05,87,95.5,light
7/6/2024 1:23,54,92.1,asleep
7/6/2024 1:24,51,88.3,asleep
7/6/2024 1:25,51,87.7,asleep
7/6/2024 1:26,51,85,asleep
7/6/2024 1:27,50,83.4,asleep
7/6/2024 1:28,51,97.2,asleep
7/6/2024 1:29,50,94.5,asleep
7/6/2024 1:30,52,95.4,asleep
7/6/2024 1:31,48,98.2,asleep
7/6/2024 1:32,55,96.5,asleep
7/6/2024 1:33,56,97.4,asleep
7/6/2024 1:34,57,98.7,restless
7/6/2024 1:35,64,93.9,asleep
7/6/2024 1:36,65,89.4,asleep
7/6/2024 1:37,61,96.8,asleep
7/6/2024 1:38,62,89.6,asleep
7/6/2024 1:39,60,90.1,asleep
7/6/2024 1:40,63,81.7,restless
7/6/2024 1:41,64,95.9,asleep
7/6/2024 1:42,63,99.8,asleep
7/6/2024 1:43,61,82.1,restless
7/6/2024 1:44,63,97.9,asleep
7/6/2024 1:45,61,92.3,asleep
7/6/2024 1:46,59,99.3,asleep
7/6/2024 1:47,58,82.3,asleep
7/6/2024 1:48,60,82.9,asleep
7/6/2024 1:49,59,89.1,asleep
7/6/2024 1:50,63,91.6,asleep
7/6/2024 1:51,61,90.2,asleep
7/6/2024 1:52,63,94.1,asleep
7/6/2024 1:53,65,92.8,asleep
7/6/2024 1:54,60,90.5,asleep
7/6/2024 1:55,60,97.1,asleep
7/6/2024 1:56,60,93.2,asleep
7/6/2024 1:57,60,95.9,asleep
7/6/2024 1:58,67,99.8,asleep
7/6/2024 1:59,61,97.9,asleep
7/6/2024 2:00,64,94.8,asleep
7/6/2024 2:01,61,99.5,asleep
7/6/2024 2:02,62,95,asleep
7/6/2024 2:03,61,96.3,asleep
7/6/2024 3:27,105,99.3,asleep
7/6/2024 3:28,108,94.7,asleep
7/6/2024 3:29,97,98.5,asleep
7/6/2024 3:30,95,97.8,asleep
7/6/2024 3:31,100,91.4,asleep
7/6/2024 3:32,99,89.7,asleep
7/7/2024 0:18,60,88.2,wake
7/7/2024 0:19,64,91.5,wake
7/7/2024 1:09,90,89.3,wake
7/7/2024 1:10,109,93.7,wake
7/7/2024 1:11,85,92.1,wake
7/7/2024 1:12,84,90.4,wake
7/7/2024 1:13,88,91.5,wake
7/7/2024 1:14,73,94.5,wake
7/9/2024 23:40,55,89.5,light
7/9/2024 23:41,54,95.6,restless
7/9/2024 23:42,53,95.7,restless
7/9/2024 23:43,52,96.2,light
7/9/2024 23:44,53,95.6,restless
7/9/2024 23:45,55,90.8,restless
7/9/2024 23:46,55,95.6,restless
7/9/2024 23:47,54,95.5,light
7/9/2024 23:48,54,95.4,light
7/9/2024 23:49,49,89.7,restless
7/9/2024 23:50,58,95.5,light
7/9/2024 23:51,51,95.7,restless
7/9/2024 23:52,54,96,light
7/9/2024 23:53,51,96.5,light
7/9/2024 23:54,53,96.5,restless
7/9/2024 23:55,54,96.9,light
7/9/2024 23:56,51,97.6,light
7/9/2024 23:57,53,96.9,light
7/9/2024 23:58,54,97.9,light
7/9/2024 23:59,55,89.9,restless
7/10/2024 0:00,54,97.1,light
7/10/2024 0:00,54,97.1,restless
7/10/2024 0:01,51,96.7,light
7/10/2024 0:02,53,90.3,restless
7/10/2024 0:03,56,96.7,light
7/10/2024 0:04,52,96.9,light
7/10/2024 0:05,51,97,light
7/10/2024 0:06,54,97.1,restless
7/10/2024 0:07,52,97,light
7/10/2024 0:08,55,96.9,light
7/10/2024 0:09,55,96,restless
7/10/2024 0:10,67,96.8,light
7/10/2024 0:11,53,96.7,light
7/10/2024 0:12,52,96.8,light
7/10/2024 0:13,53,95.8,restless
7/10/2024 0:14,54,96.5,light
7/10/2024 0:15,51,89.2,light
7/10/2024 0:16,68,96.3,restless
7/10/2024 0:17,50,95.7,restless
7/10/2024 0:18,53,95.9,light
7/10/2024 0:19,56,95.8,restless
7/10/2024 0:20,59,90.7,restless
7/10/2024 0:21,58,91.9,light
7/10/2024 0:22,56,95.5,light
7/10/2024 0:23,71,94,light
7/10/2024 0:24,70,93.4,restless
7/10/2024 1:04,100,95.2,light
7/10/2024 1:05,107,99.7,restless
7/10/2024 1:06,89,93.1,light
7/10/2024 1:07,86,91.3,restless
7/10/2024 1:08,86,94.6,restless
7/10/2024 1:09,95,96.4,light
7/11/2024 0:33,49,98.4,restless
7/11/2024 0:34,51,96.9,restless
7/11/2024 0:35,48,96.6,asleep
7/11/2024 0:36,51,97.2,restless
7/11/2024 0:37,49,97.3,asleep
7/11/2024 0:39,52,100,asleep
7/11/2024 0:40,49,97.6,asleep
7/11/2024 0:41,50,99,asleep
7/11/2024 0:42,52,98.1,asleep
7/11/2024 0:43,60,97.3,asleep
7/11/2024 0:44,64,92.6,asleep
7/11/2024 0:45,63,98.9,asleep
7/11/2024 0:46,59,97,asleep
7/11/2024 0:47,64,99.6,asleep
7/11/2024 0:48,61,100,asleep
7/11/2024 0:49,64,98.3,asleep
7/11/2024 0:50,68,90.3,asleep
7/11/2024 1:33,94,93.6,asleep
7/11/2024 1:34,90,92.4,asleep
7/11/2024 1:35,91,89.9,asleep
7/11/2024 1:36,95,88.7,asleep
7/11/2024 1:37,89,91.1,asleep
7/12/2024 1:54,84,95.9,restless
7/12/2024 1:55,79,91,asleep
7/12/2024 1:56,83,92.6,asleep
7/12/2024 1:57,86,94.4,asleep
7/12/2024 1:58,89,95.7,restless
7/12/2024 6:27,80,90.5,asleep
7/12/2024 6:28,76,91.9,asleep
7/12/2024 6:29,78,98,asleep
7/12/2024 6:30,75,96.7,asleep
7/12/2024 6:31,78,97.5,asleep
7/12/2024 6:32,79,98.5,asleep
7/12/2024 6:33,80,94.2,asleep
7/12/2024 6:34,74,89.4,asleep
7/12/2024 6:35,77,96.9,asleep
7/12/2024 6:36,79,94,asleep
7/12/2024 6:37,78,89.4,asleep
7/12/2024 6:38,75,89.5,asleep
7/12/2024 6:39,78,96.9,asleep
7/12/2024 6:40,82,89.8,asleep
7/12/2024 6:41,78,90.4,asleep
7/12/2024 6:42,79,90.2,asleep
7/12/2024 6:43,89,83.3,restless
7/12/2024 6:44,84,89.4,asleep
7/12/2024 6:45,87,91.8,asleep
7/12/2024 6:46,82,90.3,asleep
7/12/2024 6:47,80,94.2,asleep
7/12/2024 6:48,83,92.9,asleep
7/13/2024 0:21,54,86.1,light
7/13/2024 0:22,53,86.4,restless
7/13/2024 0:24,57,86.8,wake
7/13/2024 0:25,54,86.8,wake
7/13/2024 0:26,56,86.8,wake
7/13/2024 0:27,55,86.9,wake
7/13/2024 0:28,54,86.8,wake
7/13/2024 0:29,54,86.7,restless
7/13/2024 0:30,54,86.9,light
7/13/2024 0:31,54,87.1,light
7/13/2024 0:32,55,87.1,light
7/13/2024 0:33,56,86.9,light
7/13/2024 0:34,54,86.2,light
7/13/2024 0:35,58,90.6,wake
7/13/2024 0:36,56,97.3,wake
7/13/2024 0:37,60,86.3,wake
7/13/2024 0:38,61,89.4,wake
7/13/2024 0:39,53,93.3,wake
7/13/2024 0:40,54,95.1,wake
7/13/2024 0:41,53,99.6,wake
7/13/2024 0:42,65,92.9,wake
7/13/2024 0:43,61,94,wake
7/13/2024 0:44,60,97.2,wake
7/13/2024 0:45,54,94.5,wake
7/13/2024 0:46,61,99.1,wake
7/13/2024 0:47,70,94.2,wake
7/13/2024 0:48,56,95.3,wake
7/13/2024 0:49,61,96.1,light
7/13/2024 0:50,63,94.7,light
7/13/2024 0:51,66,95.3,light
7/13/2024 0:52,70,96.2,light
7/13/2024 0:53,57,99.4,light
7/13/2024 1:31,91,94.8,deep
7/13/2024 1:32,111,98.6,deep
7/13/2024 1:33,76,97.7,deep
7/13/2024 1:34,78,91.7,deep
7/13/2024 1:35,71,89.6,deep
7/13/2024 1:36,73,93.9,deep
7/14/2024 1:52,60,92.2,light
7/14/2024 1:53,64,93.5,light
7/14/2024 1:54,60,93.9,light
7/14/2024 1:55,58,90.5,light
7/14/2024 1:56,62,91.4,light
7/14/2024 1:57,60,94.7,light
7/14/2024 1:58,57,95.5,light
7/14/2024 1:59,62,89.2,light
7/14/2024 2:00,66,90.7,restless
7/14/2024 2:01,64,92.8,light
7/14/2024 2:02,69,93.7,light
7/14/2024 2:03,72,93.4,light
7/14/2024 2:52,65,96.3,light
7/14/2024 2:53,68,90.9,light
7/14/2024 2:54,79,89.3,light
7/14/2024 2:55,83,96.5,light
7/14/2024 2:56,84,89.7,light
7/14/2024 2:57,91,90.4,light
7/15/2024 1:33,116,96,light
7/15/2024 1:34,114,95.5,light
7/15/2024 1:35,89,89.1,light
7/15/2024 1:36,89,90.8,restless
7/15/2024 1:37,96,91.5,wake
7/15/2024 1:38,100,95.4,wake
7/16/2024 0:42,65,94.6,light
7/16/2024 1:48,84,93,light
7/16/2024 1:49,77,95.8,restless
7/16/2024 1:50,91,99.3,deep
7/16/2024 1:51,94,93.5,deep
7/16/2024 1:52,94,91.2,deep
7/16/2024 1:53,93,94.9,deep
9/10/2024 0:52,62,96.4,rem
9/10/2024 0:53,64,98.7,rem
9/10/2024 0:54,71,97.4,rem
9/10/2024 0:55,65,99.8,rem
9/12/2024 2:44,61,98.2,deep
9/12/2024 2:45,60,97.1,deep
9/12/2024 2:46,60,92.4,deep
9/12/2024 2:47,60,98.9,deep
9/12/2024 2:48,60,97,deep
9/15/2024 0:00,66,99.5,light
9/15/2024 0:00,66,98.3,light
9/15/2024 0:01,63,89,light
9/15/2024 0:02,64,93.4,light
9/15/2024 0:03,63,92.3,light
9/15/2024 0:04,69,91.3,light
9/15/2024 0:05,61,90.9,light
9/15/2024 0:06,64,91.3,light
9/15/2024 0:07,65,91.7,light
9/15/2024 0:08,62,91.9,light
9/15/2024 0:09,62,90.6,light
9/15/2024 0:10,67,90.9,light
9/15/2024 0:11,62,91.5,light
9/15/2024 0:12,63,91.6,light
9/15/2024 0:13,62,91.1,light
9/15/2024 0:14,65,91.4,light
9/15/2024 0:15,65,90.9,light
9/15/2024 0:16,67,91.6,light
9/15/2024 0:17,61,91.3,light
9/15/2024 0:18,63,91.2,light
9/15/2024 0:19,65,91,light
9/15/2024 0:20,62,90.9,light
9/15/2024 0:21,59,91.1,light
9/15/2024 0:22,60,91.2,light
9/15/2024 0:23,60,91.9,light
9/15/2024 0:24,63,92.4,light
9/15/2024 0:25,63,91.7,light
9/15/2024 0:26,63,93.2,light
9/15/2024 0:27,75,95.7,restless
9/15/2024 0:28,67,97.7,light
9/15/2024 0:29,64,98.7,light
9/15/2024 0:30,63,98.6,light
9/15/2024 0:31,61,98.8,light
9/15/2024 0:32,64,99.2,light
9/15/2024 0:33,64,99.4,light
9/15/2024 0:34,61,99.4,light
9/15/2024 0:35,60,99.3,deep
9/15/2024 0:36,61,99.4,deep
9/15/2024 0:37,60,99.3,deep
9/15/2024 0:38,61,99.1,deep
9/15/2024 0:39,62,98.8,deep
9/15/2024 0:40,61,98.7,deep
9/15/2024 0:41,61,98.8,deep
9/15/2024 0:42,63,98.3,deep
9/15/2024 0:43,62,92.1,deep
9/15/2024 0:44,61,90.8,restless
9/15/2024 0:45,61,91.6,deep
9/15/2024 0:46,61,94.1,deep
9/15/2024 0:47,60,96.1,deep
9/15/2024 0:48,60,94.2,deep
9/15/2024 0:49,60,93.1,deep
9/15/2024 0:50,60,92.9,deep
9/15/2024 0:51,60,89.8,deep
9/15/2024 0:52,59,90.9,deep
9/15/2024 0:53,60,91.6,deep
9/15/2024 0:54,59,91.2,deep
9/15/2024 0:55,58,90.5,deep
9/15/2024 0:56,58,92.5,deep
9/15/2024 0:57,63,93.8,deep
9/15/2024 0:58,58,87.3,deep
9/15/2024 0:59,56,85.9,restless
9/15/2024 1:00,57,84.7,deep
9/15/2024 1:01,56,82.9,deep
9/15/2024 1:02,57,81.9,restless
9/15/2024 1:03,57,83.2,deep
9/15/2024 1:04,57,95.2,deep
9/15/2024 1:05,57,84.1,deep
9/15/2024 1:06,57,84.9,deep
9/15/2024 1:07,57,85.9,restless
9/15/2024 1:08,56,87.8,deep
9/15/2024 1:09,57,90.1,deep
9/15/2024 1:10,56,92.3,deep
9/15/2024 1:11,70,96.3,deep
9/15/2024 1:13,62,96.7,light
9/15/2024 1:14,58,92.3,light
9/15/2024 1:15,58,89.5,light
9/15/2024 1:16,60,96.8,light
9/15/2024 1:17,58,84.6,light
9/15/2024 1:18,58,86.7,restless
9/15/2024 1:19,58,89.6,light
9/15/2024 1:20,58,90.3,light
9/15/2024 1:21,57,90.5,light
9/15/2024 1:22,57,96.2,light
9/15/2024 1:23,56,95.8,restless
9/15/2024 1:24,57,89.2,light
9/15/2024 1:25,57,90.7,restless
9/15/2024 1:26,60,91.7,light
9/15/2024 1:27,61,95.9,light
9/15/2024 1:28,56,94.3,light
9/15/2024 1:29,55,93.2,light
9/15/2024 1:30,57,95,light
9/15/2024 1:31,54,90.2,light
9/15/2024 1:32,54,99.7,light
9/15/2024 3:04,59,83.8,light
9/15/2024 3:05,55,84.8,light
9/15/2024 3:42,56,93.1,light
9/15/2024 3:43,55,91.3,light
9/15/2024 3:44,56,94.6,light
9/15/2024 3:45,55,96.4,light
9/15/2024 3:46,55,98.4,light
9/16/2024 0:12,65,88.5,light
9/16/2024 0:13,66,88.1,light
9/16/2024 0:14,66,89.3,light
9/16/2024 0:15,65,90.2,light
9/16/2024 0:16,65,91.4,light
9/16/2024 0:17,63,91.7,light
9/16/2024 0:18,63,91.9,light
9/16/2024 0:19,63,91.8,light
9/16/2024 0:20,61,91.6,light
9/16/2024 0:21,63,91.6,light
9/16/2024 0:22,62,97.8,light
9/16/2024 0:23,62,94.5,light
9/16/2024 0:24,61,96,light
9/16/2024 0:25,62,96.1,light
9/16/2024 0:26,61,95.7,restless
9/16/2024 0:27,61,97,light
9/16/2024 0:28,61,97.7,light
9/16/2024 0:29,61,98.2,light
9/16/2024 0:30,60,98.5,light
9/16/2024 0:31,61,98.6,light
9/16/2024 0:32,61,98.6,light
9/16/2024 0:33,61,98.8,light
9/16/2024 0:34,57,98.8,light
9/16/2024 0:35,59,98.8,light
9/16/2024 0:36,59,99,light
9/16/2024 0:37,58,98.1,light
9/16/2024 0:38,58,97.4,light
9/16/2024 0:39,60,94.2,light
9/16/2024 0:40,60,97.3,light
9/16/2024 0:41,59,92.3,light
9/16/2024 0:42,59,92.6,light
9/16/2024 0:43,57,94,light
9/16/2024 0:44,57,94.2,light
9/16/2024 0:45,57,98.9,light
9/16/2024 0:46,56,94.4,light
9/16/2024 0:47,57,92.2,light
9/16/2024 0:48,56,91.1,light
9/16/2024 0:49,57,89.9,light
9/16/2024 0:50,56,88.2,light
9/16/2024 0:51,56,86.7,restless
9/16/2024 0:52,58,86.4,restless
9/16/2024 0:53,56,87.4,light
9/16/2024 0:54,57,86.5,light
9/16/2024 0:55,56,85.1,light
9/16/2024 0:56,56,85.1,light
9/16/2024 0:57,55,86.3,light
9/16/2024 0:58,56,86.9,light
9/16/2024 0:59,55,84.1,light
9/16/2024 1:00,64,97,light
9/16/2024 1:01,68,86.5,light
9/16/2024 1:02,61,99.6,light
9/16/2024 1:03,61,98.3,light
9/16/2024 1:04,60,90.1,light
9/16/2024 1:05,62,93,light
9/16/2024 1:06,60,86.4,restless
9/16/2024 1:07,61,92.7,light
9/16/2024 1:08,62,86.3,light
9/16/2024 2:20,59,89.9,deep
9/16/2024 2:21,59,88.8,deep
9/16/2024 2:22,57,91.3,deep
9/16/2024 2:23,59,95.7,restless
9/16/2024 2:24,58,91,deep
9/16/2024 2:25,58,92.4,deep
9/18/2024 3:19,56,85.6,light
9/18/2024 3:20,55,86.1,light
9/18/2024 3:21,56,86.4,restless
9/18/2024 3:22,56,86.3,light
9/18/2024 3:23,56,94.8,light
9/18/2024 4:26,61,100,rem
9/18/2024 4:27,57,95.1,rem
9/18/2024 4:28,52,98.3,rem
9/18/2024 4:29,53,96.1,rem
9/18/2024 4:30,65,97.9,rem
9/18/2024 4:31,63,98.8,rem
9/26/2024 2:31,62,99.4,light
9/26/2024 2:32,56,99,light
9/26/2024 2:33,59,98.8,light
9/26/2024 2:34,58,97.9,light
9/26/2024 4:56,55,89.3,deep
9/26/2024 4:57,54,90.2,deep
9/26/2024 4:59,55,89.9,deep
9/26/2024 5:00,53,90.7,restless
9/26/2024 5:01,53,93.5,deep
9/26/2024 5:02,54,96,deep
9/26/2024 5:03,54,95.1,deep
9/26/2024 5:04,54,96.3,deep
9/26/2024 5:05,54,96.9,deep
9/26/2024 5:06,54,98.1,deep
9/26/2024 5:07,54,99.1,deep
9/26/2024 5:08,54,99.4,deep
9/26/2024 5:09,54,100,deep
9/26/2024 5:10,54,99.9,deep
9/26/2024 5:11,53,100,deep
9/26/2024 5:12,54,100,deep
9/26/2024 5:13,54,100,deep
9/26/2024 5:14,55,100,deep
9/26/2024 5:15,54,100,deep
9/26/2024 5:16,55,99.5,light
9/26/2024 5:17,53,99.2,rem
9/26/2024 5:18,55,98.4,rem
9/26/2024 5:19,55,98,rem
9/26/2024 5:20,59,97.6,rem
9/26/2024 5:21,60,97.6,rem
9/26/2024 5:22,62,97.2,rem
9/26/2024 6:25,54,92.2,light
9/26/2024 6:26,54,92.4,light
9/26/2024 6:27,53,92.5,light
9/26/2024 6:28,55,92.5,light
9/26/2024 6:29,54,92.7,light
9/26/2024 6:30,54,93,light
9/26/2024 6:31,56,93,light
9/26/2024 6:32,54,93.3,light
9/26/2024 6:33,55,93.5,light
9/26/2024 6:34,57,94,light
9/26/2024 6:35,57,94,light
9/26/2024 6:36,56,94.2,light
9/26/2024 6:37,55,94.2,light
9/26/2024 6:38,55,94.1,light
9/26/2024 6:39,54,94.3,light
9/26/2024 6:40,52,94.6,light
9/26/2024 6:41,55,94.7,light
9/26/2024 6:42,54,94.8,light
9/26/2024 6:43,55,94.8,light
9/26/2024 6:45,54,94.9,deep
9/26/2024 6:46,54,95,deep
9/26/2024 6:47,55,95,deep
9/26/2024 6:48,55,95.1,deep
9/26/2024 6:49,55,95.1,deep
9/26/2024 6:50,56,95.2,deep
9/26/2024 6:51,56,95.2,deep
9/26/2024 6:52,54,95.3,deep
9/26/2024 6:53,55,95.3,deep
9/26/2024 6:54,56,95.4,deep
9/26/2024 6:55,55,95.4,deep
9/26/2024 6:56,55,95.4,deep
9/26/2024 6:57,55,95.3,deep
9/26/2024 6:58,55,95.2,deep
9/26/2024 6:59,56,95.2,light
9/26/2024 7:00,66,95.3,light
9/26/2024 7:01,55,96.1,light
9/26/2024 7:02,54,96.4,light
9/26/2024 7:03,54,96.6,light
9/26/2024 7:04,55,96.7,light
9/26/2024 7:05,53,96.8,light
9/26/2024 7:07,53,96.8,light
9/26/2024 7:08,53,97.8,light
9/26/2024 7:09,54,98.6,light
9/26/2024 7:10,53,98.8,light
9/26/2024 7:11,54,98.8,light
9/26/2024 7:12,54,98.6,light
9/26/2024 7:13,55,97.7,light
9/26/2024 7:14,54,98.5,light
9/26/2024 7:15,55,98.9,light
9/26/2024 7:16,53,99.1,light
9/26/2024 7:17,53,99,light
9/26/2024 7:18,54,98.3,light
10/4/2024 4:28,58,95,light
10/4/2024 4:29,57,94.6,light
10/4/2024 4:30,58,93.7,deep
10/4/2024 4:31,57,93.5,deep
10/4/2024 4:32,57,91.8,deep
10/4/2024 4:33,58,92.2,deep
10/4/2024 4:34,57,92.2,deep
10/4/2024 5:35,55,100,light
10/4/2024 5:36,57,100,light
10/4/2024 5:38,57,99.5,rem
10/4/2024 5:41,55,99.2,rem
10/4/2024 5:42,60,98.8,rem
10/4/2024 5:43,60,98.5,rem
10/4/2024 5:44,61,98.4,rem
10/4/2024 5:45,58,98.4,rem
10/4/2024 5:46,58,98.1,rem
10/4/2024 5:47,60,97.9,rem
10/4/2024 5:48,60,98,rem
10/4/2024 5:49,57,98.1,rem
10/4/2024 5:50,60,98.5,rem
10/4/2024 5:51,58,98.5,rem
10/4/2024 5:52,57,98.3,rem
10/4/2024 5:53,60,98.2,rem
10/4/2024 5:57,57,95.1,rem
10/4/2024 5:58,58,94.5,rem
10/4/2024 7:05,55,97.1,light
10/4/2024 7:09,57,95.3,wake
10/4/2024 7:10,57,94.1,wake
10/4/2024 7:11,55,93.5,wake
10/4/2024 7:22,60,97.2,rem
10/4/2024 7:23,58,97.3,rem
10/4/2024 7:24,54,98.1,rem
10/4/2024 7:25,58,98.5,rem
10/4/2024 7:26,59,97.7,rem
10/4/2024 7:27,54,98.1,rem
10/4/2024 7:28,57,98.4,rem
10/4/2024 7:29,59,98.4,rem
10/4/2024 7:30,59,98.2,rem
10/4/2024 7:31,58,98.1,rem
10/7/2024 2:05,54,95.2,light
10/7/2024 2:06,54,94.8,light
10/7/2024 2:07,54,95,light
10/7/2024 2:08,55,95.2,light
10/7/2024 2:09,54,95.6,restless
10/7/2024 2:10,54,95.7,restless
10/7/2024 2:11,54,95.7,restless
10/7/2024 2:12,54,95.5,deep
10/7/2024 2:13,54,95.4,deep
10/7/2024 2:14,55,95.4,deep
10/7/2024 2:15,55,95.6,restless
10/7/2024 2:16,55,95.4,deep
10/7/2024 2:17,55,95.6,restless
10/7/2024 2:18,55,95.4,deep
10/7/2024 2:19,55,95.3,deep
10/7/2024 2:20,55,95.4,deep
10/7/2024 2:21,54,95.6,restless
10/7/2024 2:22,55,95.1,deep
10/7/2024 2:23,55,95.2,deep
10/7/2024 4:24,52,95,light
10/7/2024 4:25,53,95.2,light
10/7/2024 4:26,53,96,light
10/7/2024 4:27,53,95.9,light
10/7/2024 4:28,53,95.3,light
10/7/2024 4:29,53,95.2,light
10/7/2024 4:30,52,95,light
10/7/2024 4:31,52,94.4,light
10/7/2024 4:32,52,93.9,light
10/7/2024 4:33,53,94.3,light
10/7/2024 4:34,52,94.2,light
10/7/2024 4:35,53,94.4,light
10/7/2024 4:55,53,95.8,restless
10/7/2024 4:56,56,96.7,rem
10/7/2024 4:57,58,98.2,rem
10/7/2024 4:58,62,99.3,rem
10/7/2024 4:59,62,99.9,rem
10/7/2024 5:00,59,99.2,rem
10/7/2024 5:01,58,99.1,rem
10/7/2024 5:02,57,99.6,rem
10/7/2024 5:03,57,99.2,rem
10/7/2024 5:04,57,99.5,rem
10/7/2024 5:05,57,99.1,rem
10/7/2024 5:06,58,99,rem
10/7/2024 5:07,58,98.9,wake
10/12/2024 3:35,54,94.5,light
10/12/2024 3:36,54,94.7,light
10/12/2024 3:37,54,95,light
10/12/2024 3:38,55,95.1,light
10/12/2024 3:39,55,95.2,light
10/12/2024 3:40,54,95.4,light
10/12/2024 3:41,58,95.6,restless
10/12/2024 3:42,59,95.7,restless
10/12/2024 3:43,53,95.9,light
10/12/2024 3:44,54,95.9,light
10/12/2024 3:45,54,95.9,light
10/12/2024 3:46,54,96,light
10/12/2024 4:01,61,95.5,rem
10/12/2024 4:02,61,97,rem
10/12/2024 4:03,58,98.2,rem
10/12/2024 4:04,60,99.8,rem
10/12/2024 4:05,60,98.6,rem
10/12/2024 4:06,61,98.3,rem
10/12/2024 4:09,62,94.9,wake
10/12/2024 4:12,54,94.8,wake
10/12/2024 4:13,57,95.7,restless
10/12/2024 4:14,54,96.2,wake
10/12/2024 4:15,55,96.1,wake
10/12/2024 4:16,57,95.8,restless
10/12/2024 5:32,63,95.4,wake
10/12/2024 6:52,56,99.7,rem
10/12/2024 6:54,55,100,rem
10/12/2024 6:55,52,100,rem
10/12/2024 6:56,52,100,rem
10/12/2024 6:57,55,100,rem
10/12/2024 6:58,56,100,rem
10/12/2024 7:00,64,100,rem
10/12/2024 7:01,55,100,rem
10/12/2024 7:02,55,99.8,rem
10/12/2024 7:03,54,99.4,rem
10/12/2024 7:29,53,95.4,rem
10/12/2024 7:30,51,95.1,rem
10/12/2024 7:31,56,96.4,rem
10/12/2024 7:32,66,97.3,rem
10/12/2024 7:33,58,97.5,light
10/13/2024 5:08,61,99.4,deep
10/13/2024 5:09,60,99.4,deep
10/13/2024 5:10,61,99.2,deep
10/13/2024 5:11,60,99,deep
10/13/2024 5:12,62,98.7,light
10/13/2024 5:13,65,98.6,light
10/13/2024 5:14,61,98.4,light
10/13/2024 5:15,61,98.3,light
10/13/2024 5:16,60,98.7,light
10/13/2024 5:17,60,99,light
10/13/2024 5:18,59,99.3,light
10/13/2024 5:19,60,99.4,light
10/13/2024 5:20,59,99.1,light
10/13/2024 5:21,59,98.5,light
10/13/2024 5:22,59,98.4,light
10/13/2024 5:23,59,98.6,light
10/13/2024 5:24,59,98.7,light
10/13/2024 5:25,59,98.7,light
10/13/2024 5:26,59,98.7,light
10/13/2024 5:27,59,98.9,light
10/13/2024 5:28,61,98.9,light
10/13/2024 5:29,62,99,light
10/13/2024 5:32,65,98.4,light
10/13/2024 5:33,64,95.1,light
10/13/2024 5:34,62,93.9,light
10/13/2024 5:35,62,95.2,light
10/13/2024 5:36,61,95.8,restless
10/13/2024 5:37,65,96.1,light
10/13/2024 5:38,61,96.2,light
10/13/2024 5:40,69,96.3,light
10/13/2024 5:41,66,96.4,light
10/13/2024 5:42,65,96.6,rem
10/13/2024 5:43,62,96.7,wake
10/13/2024 5:44,64,96.8,wake
10/13/2024 5:45,63,96.8,wake
10/13/2024 5:46,63,97,wake
10/13/2024 5:47,70,97,wake
10/13/2024 5:49,66,97.7,light
10/13/2024 5:50,63,98.4,light
10/13/2024 6:03,61,92.9,light
10/13/2024 6:04,60,93.2,light
10/13/2024 6:05,61,93.4,light
10/13/2024 6:06,61,93.6,light
10/13/2024 6:07,61,93.8,light
10/13/2024 6:08,60,94,light
10/13/2024 6:09,60,94.1,light
10/13/2024 6:10,59,94.5,light
10/13/2024 6:11,61,94.8,light
10/13/2024 6:12,60,95,light
10/13/2024 6:13,59,95.1,light
10/13/2024 6:14,59,95.2,light
10/13/2024 6:15,60,95.2,light
10/13/2024 6:16,59,95.3,light
10/13/2024 6:18,58,97.1,light
10/13/2024 6:19,60,97,light
10/13/2024 6:20,61,96.6,light
10/13/2024 6:21,60,97.6,light
10/13/2024 6:22,60,96.4,light
10/13/2024 6:23,63,96.7,light
10/13/2024 6:24,65,96.3,light
10/13/2024 6:25,61,96.3,light
10/13/2024 6:26,59,96.1,light
10/13/2024 6:27,59,96.4,light
10/13/2024 6:28,59,96.6,rem
10/13/2024 6:29,60,96.8,deep
10/13/2024 6:30,59,97.2,deep
10/13/2024 6:31,59,97.5,deep
10/13/2024 6:32,59,97.3,deep
10/13/2024 6:33,59,97,deep
10/13/2024 6:34,60,96.3,deep
10/13/2024 6:35,60,95.1,deep
10/13/2024 6:36,62,94.4,deep
10/13/2024 6:37,60,94,deep
10/13/2024 6:38,61,94.2,deep
10/13/2024 6:39,61,93.7,deep
10/13/2024 6:40,61,93.5,deep
10/13/2024 6:41,61,92.4,deep
10/13/2024 6:42,61,94.4,deep
10/13/2024 6:43,61,93.7,deep
10/13/2024 6:44,61,94.4,deep
10/13/2024 6:45,61,94.7,deep
10/13/2024 6:46,60,94,deep
10/13/2024 6:47,60,94.9,deep
10/13/2024 6:48,61,95.6,restless
10/13/2024 6:49,61,95.8,restless
10/13/2024 6:50,61,96.1,deep
10/13/2024 6:51,61,95.3,deep
10/13/2024 6:52,61,96.3,deep
10/13/2024 6:53,61,96.2,deep
10/13/2024 6:54,62,96.6,deep
10/13/2024 6:55,61,96.6,deep
10/13/2024 6:56,61,96.6,deep
10/13/2024 6:57,62,96.3,deep
10/13/2024 6:58,61,95.5,deep
10/13/2024 7:16,62,98.7,rem
10/13/2024 7:17,64,99.8,rem
10/13/2024 7:19,71,99.5,rem
10/13/2024 7:20,62,98.5,rem
10/13/2024 7:21,60,98.3,rem
10/13/2024 7:22,60,98.1,rem
10/13/2024 7:23,60,97.9,rem
10/13/2024 7:25,72,97.8,rem
10/13/2024 7:26,65,97.6,rem
10/13/2024 7:27,63,97,rem
10/13/2024 7:28,62,96.5,rem
10/13/2024 7:29,61,96.2,rem
10/13/2024 7:30,57,96,rem
10/13/2024 7:31,60,97.4,rem
10/13/2024 7:32,59,98.7,rem
10/13/2024 7:33,62,99.4,rem
10/13/2024 7:34,61,100,rem
10/13/2024 7:35,62,100,rem
10/13/2024 7:36,63,100,rem
10/13/2024 7:37,60,100,rem
10/13/2024 7:38,60,99.8,rem
10/13/2024 7:39,60,98.7,rem
10/13/2024 7:42,61,97.5,rem
10/13/2024 7:43,61,97.6,rem
10/13/2024 7:44,61,98.4,rem
10/13/2024 7:45,63,98.8,rem
10/13/2024 7:46,67,98.8,rem
10/13/2024 7:47,61,99.4,rem
10/13/2024 7:48,61,99.8,rem
10/13/2024 7:49,62,100,rem
10/13/2024 7:50,61,99.7,rem
10/13/2024 7:51,60,100,light
10/13/2024 7:52,59,100,light
10/13/2024 7:53,59,100,light
10/13/2024 7:54,59,100,light
10/13/2024 7:55,59,100,light
10/13/2024 7:56,59,100,light
10/13/2024 7:57,59,100,light
10/13/2024 7:59,59,99.3,light
10/13/2024 8:01,59,98.7,light
10/13/2024 8:02,60,98.7,light
10/13/2024 8:03,60,98.7,light
10/13/2024 8:04,60,98.5,light
10/13/2024 8:05,59,98.6,light
10/13/2024 8:06,58,98.7,light
10/13/2024 8:07,59,99.1,light
10/13/2024 8:08,59,98.9,light
10/13/2024 8:09,59,99.1,light
10/13/2024 8:10,58,99,light
10/13/2024 8:11,58,99.3,light
10/13/2024 8:12,57,99.8,light
10/13/2024 8:13,57,100,light
10/13/2024 8:14,56,99.9,light
10/13/2024 8:15,57,100,light
10/13/2024 8:16,57,100,light
10/13/2024 8:17,56,99.5,light
10/13/2024 8:18,57,98.5,light
10/13/2024 8:35,57,99.2,light
10/13/2024 8:36,57,99.8,light
10/13/2024 8:37,58,100,light
10/13/2024 8:38,58,100,light
10/13/2024 8:39,58,100,light
10/13/2024 8:40,58,100,light
10/13/2024 8:41,58,100,light
10/13/2024 8:42,57,100,light
10/13/2024 8:43,58,100,light
10/13/2024 8:44,57,100,light
10/13/2024 8:45,58,100,light
10/13/2024 8:46,58,100,light
10/13/2024 8:47,58,100,light
10/13/2024 8:48,58,100,light
10/13/2024 8:49,59,100,light
10/13/2024 8:50,59,100,light
10/13/2024 8:51,58,100,light
10/13/2024 8:52,58,100,rem
10/13/2024 8:53,57,100,deep
10/13/2024 8:54,58,100,deep
10/13/2024 8:55,58,100,deep
10/13/2024 8:56,58,100,deep
10/13/2024 8:57,58,100,deep
10/13/2024 8:58,58,100,deep
10/13/2024 8:59,59,100,deep
10/13/2024 9:00,59,100,deep
10/13/2024 9:01,59,100,deep
10/13/2024 9:04,61,99.2,light
10/13/2024 9:05,58,97.3,light
10/13/2024 9:06,59,95.7,restless
10/13/2024 9:07,60,94.6,rem
10/13/2024 9:08,58,94.1,rem
10/13/2024 9:09,60,93.9,rem
10/13/2024 9:10,66,94.9,rem
10/13/2024 9:11,60,95.6,restless
10/13/2024 9:12,60,96.2,rem
10/13/2024 9:13,61,96.4,rem
10/13/2024 9:22,57,97.5,rem
10/13/2024 9:23,58,98,rem
10/13/2024 9:24,58,99.5,rem
10/13/2024 9:25,61,100,rem
10/14/2024 4:52,63,93.3,light
10/14/2024 4:53,62,94.2,light
10/14/2024 4:54,60,95,light
10/14/2024 4:55,60,94.6,light
10/14/2024 4:56,59,95.8,light
10/14/2024 4:57,60,96.2,light
10/14/2024 4:58,58,97.2,light
10/14/2024 5:00,60,98,light
10/14/2024 5:01,59,97.8,light
10/14/2024 5:16,58,96.6,light
10/14/2024 5:17,58,96.7,deep
10/14/2024 5:18,58,96.8,deep
10/14/2024 5:19,58,96.7,deep
10/14/2024 5:20,59,96.7,deep
10/14/2024 5:21,60,96.9,deep
10/14/2024 5:41,57,91.4,light
10/14/2024 5:42,56,93.9,light
10/14/2024 5:43,54,96.3,light
10/14/2024 5:44,55,98,light
10/14/2024 5:45,55,98.9,deep
10/14/2024 5:46,55,100,deep
10/14/2024 5:47,56,100,deep
10/14/2024 5:48,55,100,deep
10/14/2024 5:49,56,100,deep
10/14/2024 5:50,56,100,deep
10/14/2024 5:51,55,100,deep
10/14/2024 5:52,55,100,deep
10/14/2024 5:53,55,100,deep
10/14/2024 5:54,55,100,deep
10/14/2024 5:55,56,100,deep
10/14/2024 5:56,56,100,deep
10/14/2024 5:57,56,100,deep
10/14/2024 5:58,56,100,deep
10/14/2024 5:59,56,100,deep
10/14/2024 6:00,56,100,deep
10/14/2024 6:03,56,99.5,light
10/14/2024 6:04,56,97.9,light
10/14/2024 6:05,57,95.7,light
10/14/2024 7:30,56,98.2,light
10/14/2024 7:31,55,98.4,light
10/14/2024 7:32,55,99.2,deep
10/14/2024 7:33,56,98.7,deep
10/14/2024 7:34,56,99.1,deep
10/14/2024 7:35,56,98.6,deep
10/14/2024 7:36,56,99,deep
10/14/2024 7:37,57,99.4,deep
10/14/2024 7:38,56,99.9,deep
10/14/2024 7:39,56,100,deep
10/14/2024 7:40,56,99.8,deep
10/14/2024 7:41,56,99.6,deep
10/16/2024 4:51,54,97.4,light
10/16/2024 4:52,54,97.8,light
10/16/2024 4:53,59,97.8,light
10/16/2024 4:54,56,97.9,light
10/16/2024 4:55,57,97.8,light
10/16/2024 4:57,57,97.3,light
10/16/2024 4:58,58,97.1,light
10/16/2024 5:51,54,93.7,light
10/16/2024 5:52,53,94.3,light
10/16/2024 5:53,53,94.8,light
10/16/2024 5:54,53,95.2,light
10/16/2024 5:55,52,95.5,light
10/16/2024 5:56,53,95.7,light
10/16/2024 5:57,52,95.8,light
10/16/2024 5:58,53,96,light
10/16/2024 5:59,53,96.1,light
10/16/2024 6:00,53,96.2,light
10/16/2024 6:01,53,96.3,light
10/16/2024 6:02,53,96.4,light
10/16/2024 6:03,53,96.4,light
10/16/2024 6:04,53,96.4,light
10/16/2024 6:05,53,96.5,light
10/16/2024 6:06,53,96.6,light
10/16/2024 6:07,53,96.6,light
10/16/2024 6:08,53,96.4,light
10/16/2024 6:09,57,96.5,light
10/16/2024 6:10,55,96.5,light
10/16/2024 6:11,54,96.4,light
10/16/2024 6:12,53,96.2,light
10/16/2024 6:13,55,96.3,light
10/16/2024 6:14,54,96.2,light
10/16/2024 6:15,54,96.3,light
10/16/2024 6:16,54,96.1,light
10/16/2024 6:17,55,96.2,rem
10/16/2024 6:18,58,96,rem
10/16/2024 6:20,60,95.7,rem
10/16/2024 6:21,54,95.6,rem
10/16/2024 6:22,59,95.6,rem
10/16/2024 6:23,58,95.7,rem
10/16/2024 6:24,62,95.6,rem
10/16/2024 6:25,56,95.6,rem
10/16/2024 6:26,56,95.7,rem
10/16/2024 6:27,58,95.7,rem
10/16/2024 6:28,59,95.6,rem
10/16/2024 6:29,60,95.7,rem
10/16/2024 6:30,57,95.4,rem
10/16/2024 6:33,61,96.3,light
10/16/2024 6:35,62,96,light
10/16/2024 6:36,60,93.8,light
10/16/2024 6:39,62,95.5,light
10/16/2024 6:40,57,95.7,light
10/16/2024 6:41,60,97.3,rem
10/16/2024 6:42,56,97.8,rem
10/16/2024 6:43,56,98.4,rem
10/16/2024 6:44,56,98.6,rem
10/16/2024 6:45,55,97.9,rem
10/16/2024 6:46,59,98.2,rem
10/16/2024 6:47,57,98.8,rem
10/16/2024 6:49,61,99,rem
10/16/2024 6:50,58,98.7,rem
10/16/2024 6:51,54,98.5,rem
10/16/2024 6:52,55,98.4,rem
10/16/2024 6:53,58,98.4,rem
10/16/2024 6:54,57,98.4,rem
10/16/2024 6:55,62,98.4,rem
10/16/2024 6:56,60,98.4,rem
10/16/2024 6:57,57,98.4,rem
10/16/2024 6:58,59,98.5,rem
10/16/2024 7:00,68,97.3,light
10/16/2024 7:01,61,95.3,light
10/16/2024 7:02,57,94.5,light
10/16/2024 7:30,55,96.2,light
10/16/2024 7:31,56,96.4,light
10/16/2024 7:32,57,96.7,light
10/16/2024 7:33,55,97.1,light
10/16/2024 7:34,55,97.3,light
10/16/2024 7:35,55,97.4,light
10/16/2024 7:36,55,97.5,light
10/16/2024 7:37,55,97.5,light
10/16/2024 7:38,56,97.6,light
10/16/2024 7:39,56,97.4,light
10/16/2024 7:40,56,97.2,light
10/16/2024 7:41,56,97.2,deep
10/16/2024 7:42,56,97.3,deep
10/16/2024 7:43,56,97.2,deep
10/16/2024 7:44,57,97,deep
10/16/2024 7:45,57,97,deep
10/16/2024 7:46,56,96.9,deep
10/16/2024 7:47,56,96.9,deep
10/16/2024 7:48,56,97.2,deep
10/16/2024 7:49,55,97.3,deep
10/16/2024 7:50,56,97.4,deep
10/16/2024 7:51,57,97.3,deep
10/16/2024 7:52,56,97.3,deep
10/16/2024 7:53,56,97.2,deep
10/16/2024 7:54,57,96.9,deep
10/16/2024 7:55,57,96.9,deep
10/16/2024 7:56,56,96.7,deep
10/16/2024 7:57,57,96.6,deep
10/16/2024 7:58,57,96.5,deep
10/16/2024 7:59,57,96.6,deep
10/16/2024 8:00,57,96.6,deep
10/16/2024 8:01,58,96.4,deep
10/16/2024 8:02,57,96.4,deep
10/16/2024 8:03,57,96.3,deep
10/16/2024 8:04,57,96.3,deep
10/16/2024 8:05,58,96.3,deep
10/17/2024 0:43,59,98.9,deep
10/17/2024 0:44,59,98,deep
10/17/2024 0:45,60,97.1,deep
10/17/2024 0:46,58,96.4,deep
10/17/2024 0:47,59,95.8,deep
10/17/2024 0:48,59,95.4,deep
10/17/2024 0:49,58,94.9,deep
10/17/2024 0:50,59,94.4,deep
10/17/2024 0:52,66,94.6,light
10/17/2024 0:53,60,95.8,light
10/17/2024 0:54,58,96.4,light
10/17/2024 0:55,58,96.6,light
10/17/2024 0:56,59,96.5,light
10/17/2024 0:57,58,96.8,light
10/17/2024 0:58,58,97,light
10/17/2024 0:59,58,97.1,light
10/17/2024 1:00,60,97.3,light
10/17/2024 1:51,62,94.2,light
10/17/2024 1:52,60,94.3,light
10/17/2024 1:53,62,94.3,light
10/17/2024 1:54,60,94.5,light
10/17/2024 1:56,62,95.1,light
10/17/2024 1:57,59,95.2,light
10/17/2024 1:58,59,95.3,light
10/17/2024 1:59,59,95.4,light
10/17/2024 2:00,59,95.9,light
10/17/2024 2:01,59,96,light
10/17/2024 2:02,59,95.6,light
10/17/2024 2:03,60,95.4,light
10/17/2024 2:04,62,95,light
10/17/2024 2:05,59,94.7,light
10/17/2024 2:06,59,95.2,light
10/17/2024 2:15,56,93.8,deep
10/17/2024 2:16,55,94.2,deep
10/17/2024 2:17,55,94.3,deep
10/17/2024 2:18,55,94.5,deep
10/17/2024 2:19,55,94.7,deep
10/17/2024 2:20,55,94.9,deep
10/17/2024 2:21,55,95.1,deep
10/17/2024 2:22,55,95.2,deep
10/17/2024 2:23,54,95.3,deep
10/17/2024 2:24,54,95.2,deep
10/17/2024 2:25,55,95.3,deep
10/17/2024 2:26,54,95.5,deep
10/17/2024 2:27,55,95.4,deep
10/17/2024 2:28,55,95.5,deep
10/17/2024 2:29,56,95.5,light
10/17/2024 2:30,56,95.5,light
10/17/2024 2:31,55,95.4,light
10/17/2024 2:32,56,95.4,light
10/17/2024 2:33,55,95.4,light
10/17/2024 2:34,55,95.3,light
10/17/2024 2:35,54,95.6,light
10/17/2024 2:37,62,95.6,light
10/17/2024 2:38,57,96.2,light
10/17/2024 2:39,55,96.2,light
10/17/2024 2:40,56,96.2,light
10/17/2024 2:41,54,96.3,light
10/17/2024 2:42,56,96.2,light
10/17/2024 2:43,56,96.3,light
10/17/2024 2:44,55,96.4,light
10/17/2024 2:45,56,96.5,light
10/17/2024 2:46,55,96.6,light
10/17/2024 2:47,56,96.7,light
10/17/2024 2:48,55,96.8,light
10/17/2024 2:49,55,96.9,light
10/17/2024 2:50,55,97,light
10/17/2024 2:51,56,97.1,light
10/17/2024 2:52,55,97.4,light
10/17/2024 2:54,55,97.7,light
10/17/2024 2:55,56,98,light
10/17/2024 2:56,56,98,light
10/17/2024 2:57,56,98.3,light
10/17/2024 2:58,55,98.3,light
10/17/2024 3:01,67,97,light
10/17/2024 3:02,58,94,light
10/17/2024 3:04,63,93.8,light
10/17/2024 3:05,58,94.2,light
10/17/2024 3:06,57,94.2,light
10/17/2024 3:07,57,95.1,light
10/17/2024 3:08,58,95.7,light
10/17/2024 4:02,56,93.8,light
10/17/2024 4:03,56,93.8,light
10/17/2024 4:04,57,93.7,light
10/17/2024 4:05,57,93.8,light
10/17/2024 4:06,56,94.2,light
10/17/2024 4:07,57,94.7,light
10/17/2024 4:08,56,95.1,light
10/17/2024 4:09,57,95.6,light
10/17/2024 4:10,57,96,light
10/17/2024 4:12,56,96.3,light
10/17/2024 4:14,62,96.4,light
10/17/2024 4:15,56,96.2,light
10/17/2024 4:16,55,95.9,light
10/17/2024 4:17,55,95.7,light
10/17/2024 4:18,55,95.6,light
10/17/2024 4:19,54,95.5,light
10/17/2024 4:20,55,95.4,deep
10/17/2024 4:21,55,95.4,deep
10/17/2024 4:22,55,95.6,deep
10/17/2024 4:23,54,95.7,deep
10/17/2024 4:24,54,95.7,deep
10/17/2024 4:25,54,95.9,deep
10/17/2024 4:26,55,95.9,deep
10/17/2024 4:27,55,96.1,deep
10/17/2024 4:28,55,96.2,deep
10/17/2024 4:29,55,96.1,deep
10/17/2024 4:30,55,96.2,deep
10/17/2024 4:31,55,96.2,deep
10/17/2024 4:32,55,96.3,deep
10/17/2024 4:33,55,96.3,deep
10/17/2024 4:34,55,96.3,deep
10/17/2024 4:35,55,96.4,deep
10/17/2024 4:36,56,96.4,deep
10/17/2024 4:37,55,96.4,deep
10/17/2024 4:38,55,96.3,deep
10/17/2024 4:39,55,96.3,deep
10/17/2024 4:40,56,96.3,deep
10/17/2024 4:41,55,96.3,deep
10/17/2024 4:42,55,96.3,deep
10/17/2024 4:43,55,96.3,deep
10/17/2024 4:44,56,96.3,deep
10/17/2024 4:45,55,96.3,deep
10/17/2024 4:46,55,96.4,deep
10/17/2024 4:47,56,96.4,deep
10/17/2024 4:48,56,96.3,deep
10/17/2024 4:49,55,96.2,deep
10/17/2024 4:50,54,96.1,deep
10/17/2024 4:51,56,96.1,deep
10/17/2024 4:52,55,96.1,deep
10/17/2024 4:53,55,96.2,deep
10/17/2024 4:54,55,96.1,deep
10/17/2024 4:55,55,96.2,deep
10/17/2024 4:56,55,96.1,deep
10/17/2024 4:57,56,96.1,deep
10/17/2024 4:58,56,96,deep
10/17/2024 4:59,56,96.1,deep
10/17/2024 5:00,56,96.1,deep
10/17/2024 5:01,57,96.2,deep
10/17/2024 5:02,56,96.3,deep
10/17/2024 5:37,56,97.1,rem
10/17/2024 5:38,55,97.4,rem
10/17/2024 5:40,66,97.5,rem
10/17/2024 6:08,60,96.7,wake
10/17/2024 6:09,54,95.9,wake
10/17/2024 6:10,56,96.1,light
10/17/2024 6:11,55,96.1,light
10/17/2024 6:12,56,95.7,light
10/17/2024 6:13,55,95.4,light
10/17/2024 6:14,54,95.1,light
10/17/2024 6:15,54,94.8,light
10/17/2024 6:16,54,94.5,light
10/17/2024 6:17,53,94.2,light
10/17/2024 6:18,53,94.5,light
10/17/2024 6:19,54,94.8,light
10/17/2024 6:20,55,94.3,light
10/17/2024 6:21,54,94.2,light
10/17/2024 6:22,54,94.9,light
10/17/2024 6:23,53,94.3,light
10/17/2024 6:24,54,94.7,light
10/17/2024 6:25,54,94.4,light
10/17/2024 6:26,53,94.2,light
10/17/2024 6:27,54,94.3,light
10/17/2024 6:28,54,94.6,light
10/17/2024 6:29,55,95,light
10/17/2024 6:30,53,95.1,light
10/17/2024 6:31,54,95.4,light
10/17/2024 6:32,54,95.5,deep
10/17/2024 6:33,53,95.5,deep
10/17/2024 6:34,54,95.8,deep
10/17/2024 6:35,54,95.9,deep
10/17/2024 6:36,54,96.2,deep
10/17/2024 6:37,53,96.2,deep
10/17/2024 6:38,54,96.4,deep
10/17/2024 6:39,54,96.5,deep
10/17/2024 6:41,61,95.7,wake
10/17/2024 6:43,57,94.1,deep
10/17/2024 6:44,52,94,light
10/17/2024 6:45,54,94.1,light
10/17/2024 6:47,57,94.2,wake
10/17/2024 6:55,57,97.2,light
10/17/2024 6:56,56,97.4,wake
10/17/2024 6:57,54,97.9,wake
10/17/2024 6:58,59,98.2,wake
10/17/2024 7:01,61,98.9,wake
10/17/2024 7:02,57,97.9,wake
10/17/2024 7:03,58,97.3,wake
10/17/2024 7:04,57,96.8,rem
10/17/2024 7:05,56,97,rem
10/17/2024 7:06,53,97.5,rem
10/17/2024 7:07,57,97.7,rem
10/17/2024 7:08,61,97.5,rem
10/17/2024 7:09,61,97.9,rem
10/17/2024 7:10,57,98,rem
10/17/2024 7:11,59,98.4,rem
10/17/2024 7:12,61,98.7,rem
10/17/2024 7:13,59,98.9,rem
10/17/2024 7:14,60,99,rem
10/17/2024 7:15,61,98.9,rem
10/17/2024 7:17,61,98.7,rem
10/17/2024 7:18,56,98.1,rem
10/17/2024 7:19,55,98.1,rem
10/17/2024 7:53,57,98.4,light
10/17/2024 7:55,61,98.6,light
10/17/2024 7:56,55,97.7,light
10/17/2024 7:57,55,95.7,light
10/17/2024 7:58,56,94.2,light
10/17/2024 7:59,56,92.8,light
10/17/2024 8:00,56,91.1,light
10/17/2024 8:11,61,90.3,rem
10/17/2024 8:12,60,91.2,rem
10/17/2024 8:13,59,91.2,rem
10/17/2024 8:14,60,91,rem
10/17/2024 8:15,62,91.2,rem
10/17/2024 8:16,65,91,rem
10/17/2024 8:17,62,91.4,rem
10/17/2024 8:18,62,91.1,rem
10/17/2024 8:19,61,90.8,rem
10/17/2024 8:20,62,90.5,rem
10/17/2024 8:21,60,91,rem
10/17/2024 8:22,60,91.6,rem
10/17/2024 8:23,59,91.9,rem
10/18/2024 4:04,51,94.3,rem
10/18/2024 4:05,55,94.7,rem
10/18/2024 4:06,58,95,rem
10/18/2024 4:07,61,96.3,rem
10/18/2024 4:18,58,93.2,light
10/18/2024 4:19,58,92.8,light
10/18/2024 4:20,59,92.6,light
10/18/2024 4:21,58,92,light
10/18/2024 4:22,59,92.7,light
10/18/2024 4:23,59,93.2,light
10/18/2024 4:24,58,93.4,deep
10/18/2024 4:25,58,93.4,deep
10/18/2024 4:26,58,93.1,deep
10/18/2024 4:27,57,92.8,deep
10/18/2024 4:28,58,92.7,deep
10/18/2024 4:29,58,93,deep
10/18/2024 4:30,58,93,deep
10/18/2024 4:31,58,93,deep
10/18/2024 4:32,58,92.7,deep
10/18/2024 4:33,58,93.2,deep
10/18/2024 4:34,57,92.9,deep
10/18/2024 4:35,58,93.3,deep
10/18/2024 4:36,57,93.6,deep
10/18/2024 4:37,57,93,deep
10/18/2024 4:38,57,94,deep
10/18/2024 4:39,57,93.5,deep
10/18/2024 4:40,57,93.4,deep
10/18/2024 4:41,57,92.8,deep
10/18/2024 4:42,58,93.2,deep
10/18/2024 4:43,59,92.9,deep
10/18/2024 4:44,57,92.6,deep
10/18/2024 4:45,58,93.3,deep
10/18/2024 4:46,58,93.3,deep
10/18/2024 4:47,58,93.3,deep
10/18/2024 4:48,58,93.3,deep
10/18/2024 4:49,57,94.5,deep
10/18/2024 4:50,56,94.9,deep
10/18/2024 5:37,60,99.4,rem
10/18/2024 5:38,62,97.2,rem
10/18/2024 5:40,71,96.8,rem
10/18/2024 5:41,65,94.8,rem
10/18/2024 5:42,60,93.7,rem
10/18/2024 5:43,60,93.4,rem
10/18/2024 5:44,60,93.2,rem
10/18/2024 5:45,62,93.4,rem
10/18/2024 5:46,57,94.5,rem
10/18/2024 5:47,57,95,rem
10/18/2024 5:48,61,95.7,rem
10/18/2024 5:50,60,94.6,rem
10/18/2024 5:51,58,95.6,rem
10/18/2024 5:52,61,96.3,rem
10/18/2024 5:53,58,96.7,rem
10/18/2024 5:54,56,98.1,rem
10/18/2024 5:57,56,97.6,rem
10/18/2024 5:58,56,96,rem
10/18/2024 6:00,59,97.5,rem
10/18/2024 6:01,58,98.1,rem
10/18/2024 6:02,59,98.7,rem
10/18/2024 6:03,58,98.1,rem
10/18/2024 6:04,56,98.2,rem
10/18/2024 6:05,55,98.2,rem
10/18/2024 6:06,61,97.9,rem
10/18/2024 6:07,60,98.2,rem
10/18/2024 6:08,59,98.6,rem
10/18/2024 6:09,60,97.9,light
10/18/2024 6:10,58,97.4,light
10/18/2024 6:11,57,97.3,light
10/18/2024 6:13,61,96.9,light
10/18/2024 6:14,56,95.4,light
10/18/2024 6:15,58,93.3,light
10/18/2024 6:16,59,91.8,light
